cigar_id,title,url,brand,line,wrapper,vitola,size,box_qty,price,in_stock,current_promotions_applied
ARTUROFUENTE|ARTUROFUENTE|HEMINGWAY|BESTSELLER|BESTSELLER|4.5x55|MAD|BOX25,Best Seller,,Arturo Fuente,Hemingway,Maduro,Best Seller,4.5x55,25,,False,
PADRON|PADRON|1964ANNIVERSARY|DIPLOMATICO|DIPLOMATICO|7x50|MAD|BOX25,Diplomatico,,Padron,1964 Anniversary,Maduro,Diplomatico,7x50,25,,False,
ARTUROFUENTE|ARTUROFUENTE|HEMINGWAY|BETWEENTHELINES|BETWEENTHELINES|4.5x54|CAM|BOX25,Between the Lines,,Arturo Fuente,Hemingway,Cameroon,Between the Lines,4.5x54,25,,,
ARTUROFUENTE|ARTUROFUENTE|HEMINGWAY|CLASSIC|CLASSIC|7x48|CAM|BOX25,Classic,,Arturo Fuente,Hemingway,Cameroon,Classic,7x48,25,,False,
ARTUROFUENTE|ARTUROFUENTE|HEMINGWAY|SIGNATURE|SIGNATURE|6x46|MAD|BOX25,Signature,,Arturo Fuente,Hemingway,Maduro,Signature,6x46,25,,False,
ARTUROFUENTE|ARTUROFUENTE|HEMINGWAY|SIGNATURE|SIGNATURE|6x46|CAM|BOX25,Signature,,Arturo Fuente,Hemingway,Cameroon,Signature,6x46,25,,False,
ARTUROFUENTE|ARTUROFUENTE|HEMINGWAY|SHORTSTORY|SHORTSTORY|4x49|CAM|BOX25,Short Story,,Arturo Fuente,Hemingway,Cameroon,Short Story,4x49,25,,False,
PADRON|PADRON|1926SERIE|NO.9|NO.9|5.25x56|NAT|BOX24,None,,None,None,None,None,None,None,,True,
PADRON|PADRON|1926SERIE|NO.9|NO.9|5.25x56|MAD|BOX24,No. 9,,Padron,1926 Serie,Maduro,No. 9,5.25x56,24,,False,
ARTUROFUENTE|ARTUROFUENTE|OPUSX|ROBUSTO|ROBUSTO|5.25x50|DOM|BOX29,Robusto,,Arturo Fuente,Opus X,Dominican Rosado,Robusto,5.25x50,29,,True,
ARTUROFUENTE|ARTUROFUENTE|OPUSX|PERFECXIONNO.4|PERFECXIONNO.4|5.1875x43|DOM|BOX42,PerfecXion No. 4,,Arturo Fuente,Opus X,Dominican Rosado,PerfecXion No. 4,5.1875x43,42,,False,
PADRON|PADRON|1926SERIE|NO.6|NO.6|4.75x50|MAD|BOX24,No. 6,,Padron,1926 Serie,Maduro,No. 6,4.75x50,24,,False,
PADRON|PADRON|1926SERIE|NO.6|NO.6|4.75x50|NAT|BOX24,None,,None,None,None,None,None,None,,False,
PADRON|PADRON|1926SERIE|NO.2BELICOSO|NO.2BELICOSO|5.25x52|MAD|BOX24,No. 2 Belicoso,,Padron,1926 Serie,Maduro,No. 2 Belicoso,5.25x52,24,,False,
PADRON|PADRON|1926SERIE|NO.2BELICOSO|NO.2BELICOSO|5.25x52|NAT|BOX24,None,,None,None,None,None,None,None,,False,
PADRON|PADRON|1964ANNIVERSARY|TORPEDO|TORPEDO|6x52|MAD|BOX20,Torpedo,,Padron,1964 Anniversary,Maduro,Torpedo,6x52,20,,True,
PADRON|PADRON|1964ANNIVERSARY|TORPEDO|TORPEDO|6x52|CAM|BOX20,Torpedo,,Padron,1964 Anniversary,Natural,Torpedo,6x52,20,,True,
PADRON|PADRON|1964ANNIVERSARY|IMPERIAL|IMPERIAL|6x54|MAD|BOX25,Imperial,,Padron,1964 Anniversary,Maduro,Imperial,6x54,25,,True,
PADRON|PADRON|1964ANNIVERSARY|IMPERIAL|IMPERIAL|6x54|NAT|BOX25,None,,None,None,None,None,None,None,,False,
PADRON|PADRON|1964ANNIVERSARY|MONARCA|MONARCA|6.5x46|MAD|BOX25,Monarca,,Padron,1964 Anniversary,Maduro,Monarca,6.5x46,25,,True,
PADRON|PADRON|1964ANNIVERSARY|MONARCA|MONARCA|6.5x46|NAT|BOX25,None,,None,None,None,None,None,None,,True,
